teste	myeureka	myzuul	myservice1	myservice2	delay	size	repeat	rampup	threads	timeout	samples	avg	min	max	90% perc	std dev	Err %	throughput	rec kB/s	sem kB/s	avg Bytes	Err	504	500	404	Conn. Timeout	conn. Reset	conn. Refused	host unreachable	no HTTP response	Too many open files
1	1024	1024	128	128	0	0	1	0	10000		10000	1565	2	9041		2341.0774815	0.1304	181.011856276586	33.7796937222826	26.1618698524753	191.0947	1304	269	1035	0	0	0	0	0	0	0
1	1024	1024	129	129	0	0	1	0	10000		10000	1734	2	8112		2372.64088194484	0.1559	186.23014321098	34.9842599155912	26.916075385962	192.3635	1559	100	1459	0	0	0	0	0	0	0
1	1024	1024	130	130	0	0	1	0	10000		10000	1166	2	8316		2079.27445830661	0.1473	173.385348938015	32.4766505472475	25.0596012136974	191.8045	1473	100	1373	0	0	0	0	0	0	0
1	1024	1024	131	131	0	0	1	0	10000		10000	2237	2	9187		2593.3963069238	0.1606	182.852127484503	34.868507892355	26.4278465504946	195.269	1606	100	1306	200	0	0	0	0	0	0
1	1024	1024	132	132	0	0	1	0	10000		10000	4300	2	12932		3085.09950392349	0.2116	192.093434246417	36.8472912724749	27.7635041684275	196.4233	2116	2901	1825	0	0	0	0	0	0	0
1	1024	1024	133	133	0	0	1	0	10000		10000	1760	2	9620		2806.21097207907	0.1597	165.398610651671	31.1108487274644	23.9052679457493	192.6105	1597	100	1497	0	0	0	0	0	0	0
1	1024	1024	134	134	0	0	1	0	10000		10000	3438	2	11830		3637.57025333691	0.1628	169.253423150483	31.8601056987628	24.4624088147183	192.7568	1628	76	1552	0	0	0	0	0	0	0
1	1024	1024	135	135	0	0	1	0	10000		10000	1518	2	10186		2654.30399324773	0.084	188.501413760603	34.5336799010368	27.2443449575872	187.598	840	60	780	0	0	0	0	0	0	0
1	1024	1024	136	136	0	0	1	0	10000		10000	2205	2	10199		2536.30401844258	0.2671	163.784067085954	33.9884728005847	23.6719159460168	212.5005	2671	100	1578	993	0	0	0	0	0	0
1	1024	1024	137	137	0	0	1	0	10000		10000	2826	2	9053		3150.61631621102	0.2387	171.403105824278	33.1001827049981	24.7731051386651	197.7478	2387	101	2286	0	0	0	0	0	0	0
1	1024	1024	138	138	0	0	1	0	10000		10000	1308	2	8438		2262.03097431694	0.17	176.962961652126	33.4419040274558	25.5766780512839	193.5123	1700	201	1499	0	0	0	0	0	0	0
1	1024	1024	139	139	0	0	1	0	10000		10000	1204	2	8001		2090.02388185427	0.1729	175.183504721195	33.1229238017448	25.3194909167353	193.6134	1729	163	1566	0	0	0	0	0	0	0
1	1024	1024	140	140	0	0	1	0	10000		10000	2110	2	9041		2638.28144660288	0.1922	180.160703347386	34.2980587121212	26.0388516556769	194.9438	1922	196	1726	0	0	0	0	0	0	0
1	1024	1024	141	141	0	0	1	0	10000		10000	2366	2	11096		2913.31336264645	0.0265	194.401244167963	34.9198360650758	28.0970548211509	183.9387	265	94	171	0	0	0	0	0	0	0
1	1024	1024	142	142	0	0	1	0	10000		10000	1595	2	9740		2607.69721114837	0.187	191.684716977515	36.4303917915812	27.7044317506565	194.615	1870	200	1670	0	0	0	0	0	0	0
1	1024	1024	143	143	0	0	1	0	10000		10000	2649	2	9187		2439.50153597636	0.1531	216.877399206229	40.7029530229999	31.3455616040252	192.1815	1531	100	1431	0	0	0	0	0	0	0
1	1024	1024	144	144	0	0	1	0	10000		10000	3329	2	9944		3031.50345783679	0.3291	178.208646683537	35.5579155825641	25.75671846598	204.3184	3291	403	2888	0	0	0	0	0	0	0
1	1024	1024	145	145	0	0	1	0	10000		10000	1406	2	8761		2293.37492905698	0.0798	198.672865260063	36.36153851646	28.7144375571184	187.4147	798	99	699	0	0	0	0	0	0	0
1	1024	1024	146	146	0	0	1	0	10000		10000	1641	2	8416		2532.89185756437	0.1547	191.380234249407	35.9371523757464	27.6604244813596	192.2855	1547	100	1447	0	0	0	0	0	0	0
1	1024	1024	147	147	0	0	1	0	10000		10000	1440	3	8579		2366.89135715865	0.1483	187.645425204533	35.1596034289856	27.1206278615927	191.8695	1483	100	1383	0	0	0	0	0	0	0
1	1024	1024	148	148	0	0	1	0	10000		10000	759	2	9153		1610.01892739836	0.157	172.97446896838	32.5061932968069	25.0002162180862	192.435	1570	100	1470	0	0	0	0	0	0	0
1	1024	1024	149	149	0	0	1	0	10000		10000	2757	2	9024		3013.21081819761	0.1623	191.47917663954	36.048105403303	27.6747247486836	192.7795	1623	100	1523	0	0	0	0	0	0	0
1	1024	1024	150	150	0	0	1	0	10000		10000	2685	2	10271		2782.0113972284	0.0814	208.016974185093	38.086770380463	30.0649533001893	187.4888	814	86	728	0	0	0	0	0	0	0
1	1024	1024	151	151	0	0	1	0	10000		10000	1533	2	8677		2299.69775044099	0.0733	207.39573179584	37.8729112981417	29.9751643611174	186.9945	733	100	633	0	0	0	0	0	0	0
1	1024	1024	152	152	0	0	1	0	10000		10000	2689	2	8540		2404.65783622776	0.1619	208.807500365413	39.3050551969577	30.1792090371886	192.7535	1619	100	1519	0	0	0	0	0	0	0
1	1024	1024	153	153	0	0	1	0	10000		10000	3134	3	11644		3244.29642637414	0.3686	185.960018596002	41.3990404172478	26.8770339377034	227.9663	3686	101	1910	1675	0	0	0	0	0	0
1	1024	1024	154	154	0	0	1	0	10000		10000	1469	2	11506		2798.42178959861	0.2021	131.995776135164	25.2566828017753	19.0775145195354	195.9369	2021	348	1673	0	0	0	0	0	0	0
1	1024	1024	155	155	0	0	1	0	10000		10000	899	2	8423		1833.66158227307	0.0184	185.391175380052	33.18148999467	26.7948183166481	183.2765	184	35	149	0	0	0	0	0	0	0
1	1024	1024	156	156	0	0	1	0	10000		10000	1295	2	9576		2135.63721753926	0.0777	190.599626424732	34.8183079279915	27.5476022566996	187.062	777	5	772	0	0	0	0	0	0	0
1	1024	1024	157	157	0	0	1	0	10000		10000	969	2	8333		2018.80714769731	0.1608	150.448336041403	28.309263950322	21.7444860684841	192.682	1608	100	1508	0	0	0	0	0	0	0
1	1024	1024	158	158	0	0	1	0	10000		10000	1178	2	9459		2177.72781083548	0.1809	150.434756446129	28.5496667400036	21.7425233926046	194.3358	1809	251	1558	0	0	0	0	0	0	0
1	1024	1024	159	159	0	0	1	0	10000		10000	1098	2	9285		2185.6979613237	0.1639	156.919359141337	29.5581212143205	22.6797511258964	192.8858	1639	101	1538	0	0	0	0	0	0	0
1	1024	1024	160	160	0	0	1	0	10000		10000	400	2	8049		1235.15559581708	0.073	122.027114424825	22.281269257404	17.636731381713	186.975	730	100	630	0	0	0	0	0	0	0
1	1024	1024	161	161	0	0	1	0	10000		10000	858	2	8886		1886.16169609456	0.1494	147.273236034815	27.5999536549535	21.2855848956569	191.9042	1494	84	1410	0	0	0	0	0	0	0
1	1024	1024	162	162	0	0	1	0	10000		10000	1309	2	9131		2393.7830793106	0.1528	145.074713477441	27.2244600500508	20.9678296822864	192.162	1528	100	1428	0	0	0	0	0	0	0
1	1024	1024	163	163	0	0	1	0	10000		10000	961	2	8486		1973.6266180093	0.1557	146.978849743522	27.6062019792539	21.2430368769934	192.3321	1557	92	1465	0	0	0	0	0	0	0
1	1024	1024	164	164	0	0	1	0	10000		10000	1354	2	9056		2410.07935928903	0.1567	169.064565757663	31.7682060083433	24.4351130196622	192.4155	1567	100	1467	0	0	0	0	0	0	0
1	1024	1024	165	165	0	0	1	0	10000		10000	2187	2	9041		2598.33231958537	0.157	191.394885928648	35.9678465563275	27.6625421068749	192.435	1570	100	1470	0	0	0	0	0	0	0
1	1024	1024	166	166	0	0	1	0	10000		10000	1816	2	7987		2254.05047046166	0.1756	199.127820147753	37.6561597702065	28.7801927557299	193.644	1756	100	1656	0	0	0	0	0	0	0
1	1024	1024	167	167	0	0	1	0	10000		10000	1502	2	9013		2375.91334032467	0.0819	179.772049041815	32.8907008413332	25.9826789630748	187.3488	819	11	808	0	0	0	0	0	0	0
1	1024	1024	168	168	0	0	1	0	10000		10000	3177	2	12229		3030.98954006855	0.1694	207.856994387861	39.2255581285076	30.0418312201206	193.2433	1694	101	1593	0	0	0	0	0	0	0
1	1024	1024	169	169	0	0	1	0	10000		10000	1509	2	8376		2204.32518906902	0.1455	201.069690754816	37.6392054165661	29.0608537419069	191.6875	1455	100	1355	0	0	0	0	0	0	0
1	1024	1024	170	170	0	0	1	0	10000		10000	1221	2	10067		2289.00300467807	0.0798	193.899908867043	35.4823199639346	28.0245962034398	187.3848	798	86	712	0	0	0	0	0	0	0
1	1024	1024	180	180	0	0	1	0	10000		10000	1865	2	8348		2392.32206886346	0.0225	208.485353903888	37.3916446236839	30.1326488064213	183.6534	225	83	142	0	0	0	0	0	0	0
1	1024	1024	190	190	0	0	1	0	10000		10000	2052	2	9335		2842.46343985103	0.162	202.53164556962	38.125	29.2721518987342	192.76	1620	100	1520	0	0	0	0	0	0	0
1	1024	1024	200	200	0	0	1	0	10000		10000	3407	2	9528		2800.50973498526	0.1607	230.914884773472	43.4229352240452	33.3744169399159	192.5605	1607	50	1557	0	0	0	0	0	0	0
1	1024	1024	210	210	0	0	1	0	10000		10000	4066	2	10231		3572.84188106275	0.1606	216.55802672326	40.7023349015744	31.2994022998462	192.462	1606	10	1596	0	0	0	0	0	0	0
1	1024	1024	220	220	0	0	1	0	10000		10000	2647	2	10700		2590.43545005728	0.0738	218.264361795006	39.8155546779509	31.5460210406845	186.797	738	0	738	0	0	0	0	0	0	0
1	1024	1024	230	230	0	0	1	0	10000		10000	3627	2	13691		3836.39072793373	0.2816	213.287831929188	48.810003865842	30.8267569585155	234.338	2816	0	198	2618	0	0	0	0	0	0
1	1024	1024	240	240	0	0	1	0	10000		10000	4839	3	11931		3783.51516619187	0.1513	213.11964536891	39.9254888764865	30.8024487447253	191.8345	1513	0	1513	0	0	0	0	0	0	0
1	1024	1024	300	300	0	0	1	0	10000		10000	2895	2	8957		2424.62977213429	0.0768	221.970655479346	40.5344212323256	32.0816962997492	186.9943	768	1	767	0	0	0	0	0	0	0
	1024	1024	400	400	0	0	1	0	10000																						
	1024	1024	500	500	0	0	1	0	10000																						
	1024	1024	600	600	0	0	1	0	10000																						
	1024	1024	700	700	0	0	1	0	10000																						
	1024	1024	800	800	0	0	1	0	10000																						
	1024	1024	900	900	0	0	1	0	10000																						
1	1024	1024	1000	1000	0	0	1	0	10000		10000	2016	2	7352		2363.72691188789	0.1578	217.263779955244	40.7914868582571	31.4014056966563	192.257	1578	0	1578	0	0	0	0	0	0	0
1	1024	1024	2048	2048	0	0	1	0	10000		10000	1285	2	7654		1868.47996507158	0.0195	231.679911034914	41.4803875715312	33.4849871417649	183.3388	195	31	164	0	0	0	0	0	0	0
2	1024	3072	2048	2048	0	0	1	0	10000		10000	2359	2	9406		2757.38809904536	0.0858	210.717070189856	38.6011860078597	30.4552015508776	187.5862	858	4	854	0	0	0	0	0	0	0
2	3072	3072	3072	3072	0	0	1	0	10000		10000	20020	4867	32981		5396.10216841794	0.0914	243.07834415032	44.9775646284548	35.1078242361263	189.474	914	0	907	0	0	7	0	0	0	0
2	3072	200	200	200	0	0	1	0	10000	TO	9592	862686	14460	2099325		949411.275444183	1	4.56893315982311	11.5759457199237	0	2594.42806505421	9592	0	0	0	5055	949	0	0	0	0
2	3072	300	200	200	0	0	1	0	10000	TO	9742	362934	14359	679015		265929.839318981	0.999486758365839	14.3150396080777	34.8044514178384	0.075181233955827	2489.67234654075	9737	13	335	0	3665	1531	0	0	0	0
2	3072	400	200	200	0	0	1	0	10000	TO	10000	51698	0	131940	130922	63835.53	1	73.3	159.5		2229.1	3961	0	0	0	3961	0	0	0	0	0
2	3072	500	200	200	0	0	1	0	10000		10000	7035	0	14874	11293	4149.12	0.2415	234.8	131.55		573.8	244	0	212	0	0	0	0	0	0	0
2	3072	600	200	200	0	0	1	0	10000		10000	6408	0	14177	11327	3384.42	0.2178	243.9	100.95		423.8	860	44	789	0	0	0	0	0	0	0
2	3072	700	200	200	0	0	1	0	10000		10000	4200	0	12471	9090	3622.06	0.018	231.9	43.23		190.9	137	2	133	0	0	0	0	0	0	0
2	3072	800	200	200	0	0	1	0	10000		10000	4796	0	12372	9104	3449.78	0.0557	249.2	57.48		236.2	271	8	252	0	0	0	0	0	0	0
2	3072	900	200	200	0	0	1	0	10000		10000	3118	0	13471	9375	3822.88	0.0255	229.1	46.39		207.4	134	0	116	0	0	0	0	0	0	18
2	3072	1024	200	200	0	0	1	0	10000		10000	4796	0	14376	11384	4549.61	0.3752	251.3	128		521.6	1934	50	1853	0	0	0	0	0	0	31
																															
																															
			3072	3072	0	0	4	0	10000		40000	518	1	1932		348.933650397284	0	1137.62407212537	202.194903444157	164.422229174369	182										
			3072	3072	10	0	4	0	10000		40000	268	11	1308		218.868509662867	0	1127.586401308	200.410864294977	164.072630659074	182										
			3072	3072	20	0	4	0	10000		40000	242	21	1546		200.930035897766	0	1142.82449072884	203.119196594383	166.28989171738	182										
			3072	3072	30	0	4	0	10000		40000	291	31	1474		210.990873792374	0.00015	1132.24637681159	201.249882794809	164.750693500906	182.00975										
			3072	3072	40	0	4	0	10000		40000	248	8	1048		191.860485124919	0.001525	1093.1649859255	194.398815837569	159.064045803613	182.099125										
			3072	3072	50	0	4	0	10000		40000	318	6	1999		222.955862973447	0.005975	1097.54424475237	195.487608682604	159.701262175881	182.388375										
			3072	3072	60	0	4	0	10000		40000	410	4	1543		236.257235723051	0.015925	1092.47828699405	195.275292792716	158.964125744251	183.035125										
			3072	3072	70	0	4	0	10000		40000	388	3	2140		404.09420317218	0.02315	969.062674128449	173.659769287376	141.006189887831	183.50475										
			3072	3072	80	0	4	0	10000		40000	848	3	2376		299.57274822612	0.06195	1003.96566437428	182.387177397596	146.08484764821	186.02675										
			3072	3072	90	0	4	0	10000		40000	1260	3	2804		535.5229655806	0.083425	951.271136055554	174.111067779555	138.417382101834	187.422625										
			3072	3072	100	0	4	0	10000		40000	1472	3	3085		526.101959557836	0.106275	912.034292489398	168.252402462208	133.598773313877	188.907875										
																															
			3072	3072	0	1024	4	0	10000		40000	1034	1	4317		1205.50220765705	0	717.19290696215	127.469833073351	105.757938428989	182										
			3072	3072	10	1024	4	0	10000		40000	3809	11	12631		1862.35805573537	0	848.212392383053	150.756499427457	125.906526994359	182										
			3072	3072	20	1024	4	0	10000		40000	1161	22	3091		707.162567548208	0	1090.39363210119	193.800430705485	161.85530476502	182										
			3072	3072	30	1024	4	0	10000		40000	669	31	1802		303.593930231106	0	1140.08835684766	202.632891549095	169.231865469574	182										
			3072	3072	40	1024	4	0	10000		40000	1050	41	2646		668.883540614657	0.000325	1018.30401466358	181.008635098712	151.154502176625	182.021125										
			3072	3072	50	1024	4	0	10000		40000	2610	51	5568		1179.23903357625	0.004775	916.023541805024	163.086518960256	135.972244486683	182.310375										
			3072	3072	60	1024	4	0	10000		40000	2092	4	5347		1195.54466309419	0.0118	972.006220839813	173.486973597881	144.28217340591	182.767										
			3072	3072	70	1024	4	0	10000		40000	1808	5	3640		644.077808397106	0.0298	979.168196616974	175.884043536266	145.345279185332	183.937										
			3072	3072	80	1024	4	0	10000		40000	2255	3	4030		863.829066970074	0.044875	953.197979220284	172.131241771221	141.490325040511	184.916875										
			3072	3072	90	1024	4	0	10000		40000	2594	3	6885		1086.36626035085	0.07255	929.519206190598	169.488159886018	137.975507168917	186.71575										
			3072	3072	100	1024	4	0	10000		40000	3539	4	5987		1353.3668202988	0.0922	875.925195988263	160.808403681076	130.875541978715	187.993										
																															
			3072	3072	0	2048	4	0	10000		40000	657	1	1929		374.50236288099	0	1146.42744547304	203.759565503998	169.053265885185	182										
			3072	3072	20	2048	4	0	10000		40000	502	21	1970		269.985461468899	0	1143.2164394524	203.188859355798	169.696190231216	182										
			3072	3072	40	2048	4	0	10000		40000	603	12	2148		265.032801759706	0.00045	1161.44018583043	206.461021432201	172.401277584204	182.02925										
			3072	3072	80	2048	4	0	10000		40000	1682	4	2728		570.984326082441	0.056	1003.43677094047	181.912111481825	148.947645686476	185.64										
			3072	3072	100	2048	4	0	10000		40000	2879	2	4987		1240.82921192963	0.108075	910.290837922716	168.034777199206	136.010252150562	189.024875										
																															
			3072	3072	0	4096	4	0	10000		40000	606	1	1951		336.840571185493	0	1145.60659869401	203.613672814755	168.932223049605	182										
			3072	3072	20	4096	4	0	10000		40000	373	21	1573		267.390839683542	0	1141.61767224157	202.90470346481	169.458873223358	182										
			3072	3072	40	4096	4	0	10000		40000	487	41	1661		261.042340818017	0.001225	1151.50991737916	204.752435488456	170.92725336097	182.079625										
			3072	3072	80	4096	4	0	10000		40000	1339	3	4308		463.341630919539	0.059525	1009.79501161264	183.290737536921	149.891447036252	185.869125										
			3072	3072	100	4096	4	0	10000		40000	2340	3	4706		1204.43156848772	0.106675	915.31086245166	168.880105539633	136.760314409281	188.933875										
																															
			3072	3072	0	8192	4	0	10000		40000	891	1	2224		387.559731677118	0	1159.68920329352	206.116635741621	171.00885712629	182										
			3072	3072	20	8192	4	0	10000		40000	626	21	1821		349.777680991651	0	1145.37697219597	203.572860292644	170.01689431034	182										
			3072	3072	40	8192	4	0	10000		40000	629	41	1800		307.867238557344	0.00035	1140.83623295876	202.791160569135	169.342878329816	182.02275										
			3072	3072	80	8192	4	0	10000		40000	1591	2	3102		592.475632795231	0.060875	1016.80266402298	184.649849505262	150.931645440911	185.956875										
			3072	3072	100	8192	4	0	10000		40000	2400	3	4770		975.057988844638	0.110775	913.721817392695	168.82471728162	136.522888731526	189.200375										
																															
			3072	3072	0	16384	4	0	10000		40000	731	1	2903		503.293895143006	0	1136.97734572639	202.079957931838	168.770074756261	182										
			3072	3072	20	16384	4	0	10000		40000	567	22	1720		282.032163900144	0	1148.27041768336	204.087125017942	171.567747954643	182										
			3072	3072	40	16384	4	0	10000		40000	602	41	1596		284.853944348569	0.000475	1146.55889013099	203.817498056224	171.312021669963	182.030875										
			3072	3072	80	16384	4	0	10000		40000	878	4	1980		340.840719419552	0.052	1004.69695827996	181.885470826112	150.115854118002	185.38										
			3072	3072	100	16384	4	0	10000		40000	3069	3	5090		1216.21131722513	0.11095	913.700945680479	168.831010653182	137.412056283978	189.21175										
																															
			3072	3072	0	32768	4	0	10000		40000	1003	1	2399		402.011878489485	0	1136.04089747231	201.91351888668	168.631070718546	182										
			3072	3072	20	32768	4	0	10000		40000	350	21	1840		289.628456869815	0	1113.67875936186	197.938998245956	166.399267756216	182										
			3072	3072	40	32768	4	0	10000		40000	595	41	1926		317.40284755594	0.0007	1155.70194446852	205.459314777094	172.678122562191	182.0455										
			3072	3072	80	32768	4	0	10000		40000	1785	3	3329		698.275087531526	0.06255	1020.59041155308	185.446211297298	152.490559538693	186.06575										
			3072	3072	100	32768	4	0	10000		40000	2389	3	5013		1097.70994215021	0.1117	904.670360737306	167.205434383128	136.053940970259	189.2605										
																															
			3072	3072	0	65536	4	0	10000		40000	837	1	2164		367.21696365533	0	1157.77591247214	205.776578193291	171.857362007583	182										
			3072	3072	20	65536	4	0	10000		40000	480	21	1823		354.013644963537	0	1140.47843070168	202.702221081744	170.403515524763	182										
			3072	3072	40	65536	4	0	10000		40000	512	41	1504		248.593517936599	0.0011	1148.33634771625	204.179024739471	171.577598828697	182.0715										
			3072	3072	80	65536	4	0	10000		40000	1565	3	2746		534.607044432974	0.062325	1010.7901852273	183.65102646533	151.026267909939	186.051125										
			3072	3072	100	65536	4	0	10000		40000	3458	3	5715		1287.41313621091	0.1087	916.086478563576	169.140964953967	137.770818065225	189.0655										
																															
			3072	3072	0	131072	4	0	10000		40000	742	1	2131		368.939680215818	0	1142.26968987378	203.02058941116	170.671154834656	182										
			3072	3072	20	131072	4	0	10000		40000	501	21	1740		305.97164037763	0.0002	1137.4623215606	202.180595248251	171.063669453449	182.013										
			3072	3072	40	131072	4	0	10000		40000	395	20	1597		240.710137331676	0.00215	1124.03754285393	199.933512740263	169.044708593267	182.13975										
			3072	3072	80	131072	4	0	10000		40000	1927	4	4018		1020.44408732657	0.043025	972.266109234097	175.460444910491	146.219707834034	184.796625										
			3072	3072	100	131072	4	0	10000		40000	1903	2	4434		862.301599925867	0.101875	897.625779812396	165.343610973195	135.871089717697	188.621875										
																															
			3072	3072	0	262144	4	0	10000		40000	416	1	2470		323.524679989772	0	1102.59661502839	195.969320249187	164.743439550141	182										
			3072	3072	20	262144	4	0	10000		40000	429	21	1975		257.934669175199	0.000625	1125.36574386676	200.060823600678	169.244457573711	182.040625										
			3072	3072	40	262144	4	0	10000		40000	485	27	2091		262.449555918703	0.00105	1114.36133166179	198.134587425129	167.589497144449	182.06825										
			3072	3072	80	262144	4	0	10000		40000	1180	2	2478		416.443184454107	0.052275	1004.46989101502	181.861897749674	151.06285470343	185.397875										
			3072	3072	100	262144	4	0	10000		40000	2632	2	5727		1438.75067302282	0.10095	890.293574306127	163.940736704022	134.761234392041	188.56175										
																															
			3072	3072	0	524288	4	0	10000		40000	319	1	1960		276.727866146029	0.00105	1067.2073850751	189.750567370801	159.455790934073	182.06825										
			3072	3072	100	524288	4	0	10000		40000	2050	2	4613		910.964472172077	0.097925	876.885303402315	161.30332986918	132.731662136093	188.365125										
																															
			3072	3072	0	0	4	1	10000		40000	647	1	1893		345.607452947267	0	1131.95800435804	201.187848430823	163.603305317373	182										
			3072	3072	10	0	4	1	10000		40000	926	11	3077		696.709694932394	0	1024.24909738048	182.044273167234	149.036245614934	182										
			3072	3072	20	0	4	1	10000		40000	395	21	1547		250.291739321731	0	1142.40018278403	203.043782487005	166.228151596504	182										
			3072	3072	30	0	4	1	10000		40000	413	15	1955		312.149798714511	0.00115	1095.08035152079	194.713360579161	159.342746461522	182.07475										
			3072	3072	40	0	4	1	10000		40000	467	22	2019		319.680740137906	0.0016	1012.83771807662	180.118945129517	147.375800774821	182.104										
			3072	3072	50	0	4	1	10000		40000	648	4	3006		429.070639439006	0.00565	1069.31857673697	190.438172083434	155.594206966611	182.36725										
			3072	3072	60	0	4	1	10000		40000	397	4	1393		249.081539047954	0.012975	1041.20571621938	185.915592991059	151.503566129578	182.843375										
			3072	3072	70	0	4	1	10000		40000	810	5	2262		326.38783885603	0.031125	1006.64384940608	180.904049736071	146.474544493658	184.023125										
			3072	3072	80	0	4	1	10000		40000	1263	4	3143		651.691597389192	0.04295	942.418245217227	170.069449966426	137.129217321647	184.79175										
			3072	3072	90	0	4	1	10000		40000	943	3	2906		641.967750975388	0.062325	914.118561177385	166.086705752377	133.011392202569	186.051125										
			3072	3072	100	0	4	1	10000		40000	2063	2	3971		588.103802887883	0.0935	879.198171267804	161.481830133418	128.788794619307	188.0775										
																															
			3072	3072	0	1024	4	1	10000		40000	1240	1	3495		579.089095227905	0	1133.20868037849	201.410136551646	167.10401439175	182										
			3072	3072	20	1024	4	1	10000		40000	3293	22	6034		1379.25883079071	0	714.732422049495	127.032520325203	106.093093897972	182										
			3072	3072	40	1024	4	1	10000		40000	3301	42	5515		1160.16717440603	0.000425	840.548037320333	149.416955988117	124.768849289737	182.027625										
			3072	3072	80	1024	4	1	10000		40000	4461	81	7278		1897.79511369872	0.013	837.152843180344	149.48165196417	124.264875159582	182.845										
			3072	3072	100	1024	4	1	10000		40000	5336	4	8760		2195.8113617356	0.07045	816.876672044438	148.840075012253	122.05286213164	186.57925										
																															
			3072	3072	0	524288	4	1	10000		40000	454	1	1936		318.064796331816	0	1040.71809548589	184.971380252374	155.497918563809	182										
			3072	3072	100	524288	1	1	10000		10000	106	12	183		6.36138721978157	0.0003	426.202957848527	75.7590325059668	64.5131430337127	182.0195										
			3072	3072	200	524288	1	1	10000		10000	504	2	3376		372.849418048413	0.2482	561.419267909275	108.628597469403	84.9804555917359	198.133										
																															
			3072	3072	0	1024	1	2	10000		10000	3	1	95		3.02703596113426	0	590.946696607966	105.031541779931	87.1415538943387	182										
			3072	3072	100	1024	1	2	10000		10000	104	6	199		7.01942012134913	0.0002	608.013619505077	108.072639577127	90.8457849455828	182.013										
			3072	3072	200	1024	1	2	10000		10000	1162	2	4938		591.613735205531	0.2702	571.069613385872	111.293325445434	85.3258309062875	199.563										
																															
			3072	3072	0	524288	1	2	10000		10000	4	1	89		4.11837379435136	0	583.839327417095	103.768317958898	87.2338057566558	182										
			3072	3072	100	524288	1	2	10000		10000	106	14	170		7.13086868200512	0.0006	486.973459946433	86.5704703859265	73.7118030192355	182.039										
			3072	3072	200	524288	1	2	10000		10000	614	3	4562		419.437419520529	0.2719	599.664188054689	116.930710208533	90.7694815903094	199.6735										
																															
			3072	3072	0	1024	1	4	10000		10000	3	1	73		3.02808152961574	0	634.678852500635	112.804249174918	93.5903386011678	182										
			3072	3072	100	1024	1	4	10000		10000	104	8	191		7.37150118700385	0.0002	551.085638708255	97.9538577716852	82.3399440648077	182.013										
			3072	3072	200	1024	1	4	10000		10000	1036	3	3412		526.02216489802	0.2922	613.647520864016	120.448101719747	91.6875690353461	200.993										
																															
			3072	3072	0	524288	1	4	10000		10000	5	1	73		4.91975783042214	0	567.988185845734	100.951025218675	84.8654222992162	182										
			3072	3072	110	524288	1	4	10000		10000	118	8	244		11.4015531393754	0.0007	415.990681808728	73.9543277980573	62.9673395315945	182.0455										
			3072	3072	200	524288	1	4	10000		10000	538	3	4013		312.788519535868	0.2588	594.071169726133	115.3461114329	89.9228821362799	198.822										
																															
			3072	3072	0	1024	1	8	10000		10000	3	1	69		2.92595234240068	0	611.172228333945	108.626314020291	90.1240297640875	182										
			3072	3072	110	1024	1	8	10000		10000	114	4	228		8.22955019366172	0.0007	620.616893191833	110.332531864799	92.7288912679203	182.0455										
			3072	3072	200	1024	1	8	10000		10000	944	2	4512		643.757654535183	0.3013	622.93652276833	122.631198705071	93.0754765464399	201.5845										
																															
			3072	3072	0	524288	1	8	10000		10000	5	1	78		4.63001079912348	0	610.314311870613	108.473832773879	91.1895407384803	182										
			3072	3072	110	524288	1	8	10000		10000	116	3	268		10.5768012361961	0.001	533.418680322185	94.8406953445885	80.7420854003307	182.065										
			3072	3072	200	524288	1	8	10000		10000	315	2	2138		239.674808422558	0.2637	609.087586794981	118.451178298971	92.1958749543184	199.1405										
																															
			3072	3072	0	1024	1	16	10000		10000	3	1	90		4.57267334389851	0	499.800079968013	88.8316548380648	73.7009883546581	182										
			3072	3072	110	1024	1	16	10000		10000	117	2	513		25.8064806984602	0.0058	497.017892644135	88.5201486394135	74.2614624751491	182.377										
			3072	3072	200	1024	1	16	10000		10000	194	2	679		69.710142635846	0.1049	495.098524606397	91.2927351253837	73.9746818991979	188.8185										
																															
			3072	3072	0	524288	1	16	10000		10000	5	1	135		7.82479757629551	0	499.975001249937	88.8627443627819	74.7032960851957	182										
			3072	3072	110	524288	1	16	10000		10000	119	4	340		23.3884643010181	0.0071	496.302546032061	88.4336982449501	75.1239205419624	182.4615										
			3072	3072	200	524288	1	16	10000		10000	196	2	582		65.8163690858133	0.0953	495.000495000495	90.973018219112	74.9268327393327	188.1945										
																															
			3072	3072	0	1024	1	32	10000		10000	2	1	104		3.11355901822978	0	333.344444814827	59.2467665588853	49.1552843428114	182										
			3072	3072	170	1024	1	32	10000		10000	177	171	406		18.7729801339584	0	331.455087835598	58.9109628770302	49.5240512098111	182										
			3072	3072	180	1024	1	32	10000		10000	185	2	442		20.2449849592436	0.002	331.356241094801	58.935461123629	49.5092821167037	182.13										
			3072	3072	200	1024	1	32	10000		10000	205	3	516		23.5534245473986	0.0031	331.147758129677	58.9215022000629	49.4781318299225	182.2015										
																															
			3072	3072	0	524288	1	32	10000		10000	2	1	289		3.85117095829307	0	333.355557037136	59.2487415827722	49.8080080338689	182										
			3072	3072	140	524288	1	32	10000		10000	155	151	351		14.4517424468471	0	330.589440973255	58.7571076729809	50.0403938973189	182										
			3072	3072	160	524288	1	32	10000		10000	165	2	434		20.5454326308792	0.0008	331.543001127246	58.9434242590014	50.1847316159406	182.052										
			3072	3072	200	524288	1	32	10000		10000	204	2	489		23.6993914689808	0.0063	331.290376014577	59.0141717222958	50.146492463144	182.4095										
																															
			3072	3072	0	1024	1	35	10000		10000	1	1	264		4.99604578041475	0	250.012500625031	44.435815540777	36.8670777288864	182										
			3072	3072	40	1024	1	35	10000		10000	43	41	323		12.2340386786212	0	249.444984908578	44.3349484896106	37.0269899473671	182										
			3072	3072	80	1024	1	35	10000		10000	85	81	663		28.6443546661467	0	249.444984908578	44.3349484896106	37.0269899473671	182										
			3072	3072	200	1024	1	35	10000		10000	204	201	480		17.4129704459062	0	248.780973231167	44.2169307891333	37.1713758831725	182										
																															
			3072	3072	0	524288	1	40	10000		10000	2	1	162		3.0909505010595	0	249.781441238916	44.394748345198	37.3208598726115	182										
			3072	3072	50	524288	1	40	10000		10000	57	51	415		23.0452648281594	0	249.687890137328	44.3781210986267	37.5507178526841	182										
			3072	3072	100	524288	1	40	10000		10000	131	101	794		55.6609752403782	0	249.376558603491	44.3227867830424	37.7474283042394	182										
			3072	3072	200	524288	1	40	10000		10000	209	201	446		22.162655464542	0	248.774784187875	44.2158307833918	37.6563394034381	182										
			3072	3072	300	524288	1	40	10000		10000	1677	5	9800		2292.94204754285	0.2013	162.087689439987	30.9095367077964	24.5347576789043	195.2731										
